{"cameraMode":{"drawMode":0,"name":"Shaded","section":"Shading Mode"},"sceneLighting":false,"audioPlay":false,"sceneViewState":{"m_AlwaysRefresh":false,"showFog":true,"showSkybox":false,"showFlares":true,"showImageEffects":true,"showParticleSystems":true,"showVisualEffectGraphs":true,"m_FxEnabled":true},"in2DMode":false,"pivot":{"x":0.027336379513144494,"y":0.7948367595672607,"z":0.38069677352905276},"rotation":{"x":0.42163676023483279,"y":-0.014964988455176354,"z":0.006960179191082716,"w":0.9066218137741089},"size":1.8161002397537232,"orthographic":false}